{"cameraMode":{"drawMode":0,"name":"Shaded","section":"Shading Mode"},"sceneLighting":false,"audioPlay":false,"sceneViewState":{"m_AlwaysRefresh":false,"showFog":true,"showSkybox":false,"showFlares":true,"showImageEffects":true,"showParticleSystems":true,"showVisualEffectGraphs":true,"m_FxEnabled":true},"in2DMode":false,"pivot":{"x":555.320068359375,"y":253.15945434570313,"z":0.004813015460968018},"rotation":{"x":0.18281349539756776,"y":-0.6499084234237671,"z":0.16525697708129884,"w":0.7189549803733826},"size":1.229081392288208,"orthographic":false}